date,pcepilfe,fedfunds,expinf1yr,unrate
1948-01-01,,,,3.4
1948-02-01,,,,3.8
1948-03-01,,,,4.0
1948-04-01,,,,3.9
1948-05-01,,,,3.5
1948-06-01,,,,3.6
1948-07-01,,,,3.6
1948-08-01,,,,3.9
1948-09-01,,,,3.8
1948-10-01,,,,3.7
1948-11-01,,,,3.8
1948-12-01,,,,4.0
1949-01-01,,,,4.3
1949-02-01,,,,4.7
1949-03-01,,,,5.0
1949-04-01,,,,5.3
1949-05-01,,,,6.1
1949-06-01,,,,6.2
1949-07-01,,,,6.7
1949-08-01,,,,6.8
1949-09-01,,,,6.6
1949-10-01,,,,7.9
1949-11-01,,,,6.4
1949-12-01,,,,6.6
1950-01-01,,,,6.5
1950-02-01,,,,6.4
1950-03-01,,,,6.3
1950-04-01,,,,5.8
1950-05-01,,,,5.5
1950-06-01,,,,5.4
1950-07-01,,,,5.0
1950-08-01,,,,4.5
1950-09-01,,,,4.4
1950-10-01,,,,4.2
1950-11-01,,,,4.2
1950-12-01,,,,4.3
1951-01-01,,,,3.7
1951-02-01,,,,3.4
1951-03-01,,,,3.4
1951-04-01,,,,3.1
1951-05-01,,,,3.0
1951-06-01,,,,3.2
1951-07-01,,,,3.1
1951-08-01,,,,3.1
1951-09-01,,,,3.3
1951-10-01,,,,3.5
1951-11-01,,,,3.5
1951-12-01,,,,3.1
1952-01-01,,,,3.2
1952-02-01,,,,3.1
1952-03-01,,,,2.9
1952-04-01,,,,2.9
1952-05-01,,,,3.0
1952-06-01,,,,3.0
1952-07-01,,,,3.2
1952-08-01,,,,3.4
1952-09-01,,,,3.1
1952-10-01,,,,3.0
1952-11-01,,,,2.8
1952-12-01,,,,2.7
1953-01-01,,,,2.9
1953-02-01,,,,2.6
1953-03-01,,,,2.6
1953-04-01,,,,2.7
1953-05-01,,,,2.5
1953-06-01,,,,2.5
1953-07-01,,,,2.6
1953-08-01,,,,2.7
1953-09-01,,,,2.9
1953-10-01,,,,3.1
1953-11-01,,,,3.5
1953-12-01,,,,4.5
1954-01-01,,,,4.9
1954-02-01,,,,5.2
1954-03-01,,,,5.7
1954-04-01,,,,5.9
1954-05-01,,,,5.9
1954-06-01,,,,5.6
1954-07-01,,0.8,,5.8
1954-08-01,,1.22,,6.0
1954-09-01,,1.07,,6.1
1954-10-01,,0.85,,5.7
1954-11-01,,0.83,,5.3
1954-12-01,,1.28,,5.0
1955-01-01,,1.39,,4.9
1955-02-01,,1.29,,4.7
1955-03-01,,1.35,,4.6
1955-04-01,,1.43,,4.7
1955-05-01,,1.43,,4.3
1955-06-01,,1.64,,4.2
1955-07-01,,1.68,,4.0
1955-08-01,,1.96,,4.2
1955-09-01,,2.18,,4.1
1955-10-01,,2.24,,4.3
1955-11-01,,2.35,,4.2
1955-12-01,,2.48,,4.2
1956-01-01,,2.45,,4.0
1956-02-01,,2.5,,3.9
1956-03-01,,2.5,,4.2
1956-04-01,,2.62,,4.0
1956-05-01,,2.75,,4.3
1956-06-01,,2.71,,4.3
1956-07-01,,2.75,,4.4
1956-08-01,,2.73,,4.1
1956-09-01,,2.95,,3.9
1956-10-01,,2.96,,3.9
1956-11-01,,2.88,,4.3
1956-12-01,,2.94,,4.2
1957-01-01,,2.84,,4.2
1957-02-01,,3.0,,3.9
1957-03-01,,2.96,,3.7
1957-04-01,,3.0,,3.9
1957-05-01,,3.0,,4.1
1957-06-01,,3.0,,4.3
1957-07-01,,2.99,,4.2
1957-08-01,,3.24,,4.1
1957-09-01,,3.47,,4.4
1957-10-01,,3.5,,4.5
1957-11-01,,3.28,,5.1
1957-12-01,,2.98,,5.2
1958-01-01,,2.72,,5.8
1958-02-01,,1.67,,6.4
1958-03-01,,1.2,,6.7
1958-04-01,,1.26,,7.4
1958-05-01,,0.63,,7.4
1958-06-01,,0.93,,7.3
1958-07-01,,0.68,,7.5
1958-08-01,,1.53,,7.4
1958-09-01,,1.76,,7.1
1958-10-01,,1.8,,6.7
1958-11-01,,2.27,,6.2
1958-12-01,,2.42,,6.2
1959-01-01,15.501,2.48,,6.0
1959-02-01,15.513,2.43,,5.9
1959-03-01,15.531,2.8,,5.6
1959-04-01,15.57,2.96,,5.2
1959-05-01,15.589,2.9,,5.1
1959-06-01,15.635,3.39,,5.0
1959-07-01,15.672,3.47,,5.1
1959-08-01,15.697,3.5,,5.2
1959-09-01,15.738,3.76,,5.5
1959-10-01,15.765,3.98,,5.7
1959-11-01,15.794,4.0,,5.8
1959-12-01,15.818,3.99,,5.3
1960-01-01,15.822,3.99,,5.2
1960-02-01,15.852,3.97,,4.8
1960-03-01,15.853,3.84,,5.4
1960-04-01,15.882,3.92,,5.2
1960-05-01,15.908,3.85,,5.1
1960-06-01,15.917,3.32,,5.4
1960-07-01,15.945,3.23,,5.5
1960-08-01,15.968,2.98,,5.6
1960-09-01,15.981,2.6,,5.5
1960-10-01,15.99,2.47,,6.1
1960-11-01,16.033,2.44,,6.1
1960-12-01,16.028,1.98,,6.6
1961-01-01,16.032,1.45,,6.6
1961-02-01,16.048,2.54,,6.9
1961-03-01,16.053,2.02,,6.9
1961-04-01,16.075,1.49,,7.0
1961-05-01,16.096,1.98,,7.1
1961-06-01,16.12,1.73,,6.9
1961-07-01,16.145,1.17,,7.0
1961-08-01,16.162,2.0,,6.6
1961-09-01,16.194,1.88,,6.7
1961-10-01,16.199,2.26,,6.5
1961-11-01,16.202,2.61,,6.1
1961-12-01,16.216,2.33,,6.0
1962-01-01,16.235,2.15,,5.8
1962-02-01,16.262,2.37,,5.5
1962-03-01,16.3,2.85,,5.6
1962-04-01,16.303,2.78,,5.6
1962-05-01,16.326,2.36,,5.5
1962-06-01,16.356,2.68,,5.5
1962-07-01,16.37,2.71,,5.4
1962-08-01,16.372,2.93,,5.7
1962-09-01,16.404,2.9,,5.6
1962-10-01,16.403,2.9,,5.4
1962-11-01,16.415,2.94,,5.7
1962-12-01,16.42,2.93,,5.5
1963-01-01,16.451,2.92,,5.7
1963-02-01,16.47,3.0,,5.9
1963-03-01,16.48,2.98,,5.7
1963-04-01,16.5,2.9,,5.7
1963-05-01,16.53,3.0,,5.9
1963-06-01,16.558,2.99,,5.6
1963-07-01,16.573,3.02,,5.6
1963-08-01,16.588,3.49,,5.4
1963-09-01,16.618,3.48,,5.5
1963-10-01,16.655,3.5,,5.5
1963-11-01,16.67,3.48,,5.7
1963-12-01,16.694,3.38,,5.5
1964-01-01,16.717,3.48,,5.6
1964-02-01,16.749,3.48,,5.4
1964-03-01,16.765,3.43,,5.4
1964-04-01,16.78,3.47,,5.3
1964-05-01,16.794,3.5,,5.1
1964-06-01,16.806,3.5,,5.2
1964-07-01,16.823,3.42,,4.9
1964-08-01,16.845,3.5,,5.0
1964-09-01,16.852,3.45,,5.1
1964-10-01,16.859,3.36,,5.1
1964-11-01,16.883,3.52,,4.8
1964-12-01,16.907,3.85,,5.0
1965-01-01,16.93,3.9,,4.9
1965-02-01,16.95,3.98,,5.1
1965-03-01,16.96,4.05,,4.7
1965-04-01,16.98,4.09,,4.8
1965-05-01,17.011,4.1,,4.6
1965-06-01,17.007,4.05,,4.6
1965-07-01,17.024,4.09,,4.4
1965-08-01,17.056,4.12,,4.4
1965-09-01,17.076,4.02,,4.3
1965-10-01,17.07,4.08,,4.2
1965-11-01,17.102,4.1,,4.1
1965-12-01,17.154,4.32,,4.0
1966-01-01,17.159,4.42,,4.0
1966-02-01,17.201,4.6,,3.8
1966-03-01,17.223,4.66,,3.8
1966-04-01,17.285,4.67,,3.8
1966-05-01,17.331,4.9,,3.9
1966-06-01,17.387,5.17,,3.8
1966-07-01,17.438,5.3,,3.8
1966-08-01,17.47,5.53,,3.8
1966-09-01,17.524,5.4,,3.7
1966-10-01,17.581,5.53,,3.7
1966-11-01,17.625,5.76,,3.6
1966-12-01,17.679,5.4,,3.8
1967-01-01,17.695,4.94,,3.9
1967-02-01,17.727,5.0,,3.8
1967-03-01,17.754,4.53,,3.8
1967-04-01,17.803,4.05,,3.8
1967-05-01,17.842,3.94,,3.8
1967-06-01,17.887,3.98,,3.9
1967-07-01,17.948,3.79,,3.8
1967-08-01,18.003,3.9,,3.8
1967-09-01,18.067,3.99,,3.8
1967-10-01,18.134,3.88,,4.0
1967-11-01,18.192,4.13,,3.9
1967-12-01,18.237,4.51,,3.8
1968-01-01,18.318,4.61,,3.7
1968-02-01,18.397,4.71,,3.8
1968-03-01,18.47,5.05,,3.7
1968-04-01,18.538,5.76,,3.5
1968-05-01,18.608,6.12,,3.5
1968-06-01,18.681,6.07,,3.7
1968-07-01,18.743,6.03,,3.7
1968-08-01,18.816,6.03,,3.5
1968-09-01,18.892,5.78,,3.4
1968-10-01,18.969,5.91,,3.4
1968-11-01,19.041,5.82,,3.4
1968-12-01,19.098,6.02,,3.4
1969-01-01,19.17,6.3,,3.4
1969-02-01,19.236,6.61,,3.4
1969-03-01,19.326,6.79,,3.4
1969-04-01,19.4,7.41,,3.4
1969-05-01,19.478,8.67,,3.4
1969-06-01,19.545,8.9,,3.5
1969-07-01,19.636,8.61,,3.5
1969-08-01,19.691,9.19,,3.5
1969-09-01,19.77,9.15,,3.7
1969-10-01,19.855,9.0,,3.7
1969-11-01,19.931,8.85,,3.5
1969-12-01,20.005,8.97,,3.5
1970-01-01,20.071,8.98,,3.9
1970-02-01,20.148,8.98,,4.2
1970-03-01,20.223,7.76,,4.4
1970-04-01,20.303,8.1,,4.6
1970-05-01,20.375,7.95,,4.8
1970-06-01,20.448,7.61,,4.9
1970-07-01,20.526,7.21,,5.0
1970-08-01,20.597,6.62,,5.1
1970-09-01,20.683,6.29,,5.4
1970-10-01,20.785,6.2,,5.5
1970-11-01,20.892,5.6,,5.9
1970-12-01,20.997,4.9,,6.1
1971-01-01,21.08,4.14,,5.9
1971-02-01,21.16,3.72,,5.9
1971-03-01,21.228,3.71,,6.0
1971-04-01,21.307,4.16,,5.9
1971-05-01,21.4,4.63,,5.9
1971-06-01,21.485,4.91,,5.9
1971-07-01,21.567,5.31,,6.0
1971-08-01,21.597,5.57,,6.1
1971-09-01,21.633,5.55,,6.0
1971-10-01,21.667,5.2,,5.8
1971-11-01,21.716,4.91,,6.0
1971-12-01,21.784,4.14,,6.0
1972-01-01,21.877,3.51,,5.8
1972-02-01,21.936,3.3,,5.7
1972-03-01,21.979,3.83,,5.8
1972-04-01,22.03,4.17,,5.7
1972-05-01,22.081,4.27,,5.7
1972-06-01,22.126,4.46,,5.7
1972-07-01,22.189,4.55,,5.6
1972-08-01,22.236,4.81,,5.6
1972-09-01,22.31,4.87,,5.5
1972-10-01,22.323,5.05,,5.6
1972-11-01,22.382,5.06,,5.3
1972-12-01,22.449,5.33,,5.2
1973-01-01,22.463,5.94,,4.9
1973-02-01,22.534,6.58,,5.0
1973-03-01,22.625,7.09,,4.9
1973-04-01,22.756,7.12,,5.0
1973-05-01,22.844,7.84,,4.9
1973-06-01,22.943,8.49,,4.9
1973-07-01,23.041,10.4,,4.8
1973-08-01,23.148,10.5,,4.8
1973-09-01,23.265,10.78,,4.8
1973-10-01,23.355,10.01,,4.6
1973-11-01,23.468,10.03,,4.8
1973-12-01,23.598,9.95,,4.9
1974-01-01,23.714,9.65,,5.1
1974-02-01,23.865,8.97,,5.2
1974-03-01,24.051,9.35,,5.1
1974-04-01,24.231,10.51,,5.1
1974-05-01,24.464,11.31,,5.1
1974-06-01,24.715,11.93,,5.4
1974-07-01,24.934,12.92,,5.5
1974-08-01,25.174,12.01,,5.5
1974-09-01,25.4,11.34,,5.9
1974-10-01,25.599,10.06,,6.0
1974-11-01,25.786,9.45,,6.6
1974-12-01,25.968,8.53,,7.2
1975-01-01,26.119,7.13,,8.1
1975-02-01,26.304,6.24,,8.1
1975-03-01,26.441,5.54,,8.6
1975-04-01,26.57,5.49,,8.8
1975-05-01,26.683,5.22,,9.0
1975-06-01,26.813,5.55,,8.8
1975-07-01,26.978,6.1,,8.6
1975-08-01,27.071,6.14,,8.4
1975-09-01,27.218,6.24,,8.4
1975-10-01,27.354,5.82,,8.4
1975-11-01,27.535,5.22,,8.3
1975-12-01,27.702,5.2,,8.2
1976-01-01,27.844,4.87,,7.9
1976-02-01,27.955,4.77,,7.7
1976-03-01,28.047,4.84,,7.6
1976-04-01,28.157,4.82,,7.7
1976-05-01,28.29,5.29,,7.4
1976-06-01,28.405,5.48,,7.6
1976-07-01,28.561,5.31,,7.8
1976-08-01,28.726,5.29,,7.8
1976-09-01,28.894,5.25,,7.6
1976-10-01,29.036,5.02,,7.7
1976-11-01,29.168,4.95,,7.8
1976-12-01,29.326,4.65,,7.8
1977-01-01,29.505,4.61,,7.5
1977-02-01,29.686,4.68,,7.6
1977-03-01,29.812,4.69,,7.4
1977-04-01,29.959,4.73,,7.2
1977-05-01,30.112,5.35,,7.0
1977-06-01,30.292,5.39,,7.2
1977-07-01,30.479,5.42,,6.9
1977-08-01,30.629,5.9,,7.0
1977-09-01,30.758,6.14,,6.8
1977-10-01,30.907,6.47,,6.8
1977-11-01,31.067,6.51,,6.8
1977-12-01,31.227,6.56,,6.4
1978-01-01,31.414,6.7,,6.4
1978-02-01,31.535,6.78,,6.3
1978-03-01,31.706,6.79,,6.3
1978-04-01,31.911,6.89,,6.1
1978-05-01,32.099,7.36,,6.0
1978-06-01,32.278,7.6,,5.9
1978-07-01,32.468,7.81,,6.2
1978-08-01,32.642,8.04,,5.9
1978-09-01,32.83,8.45,,6.0
1978-10-01,33.071,8.96,,5.8
1978-11-01,33.249,9.76,,5.9
1978-12-01,33.378,10.03,,6.0
1979-01-01,33.549,10.07,,5.9
1979-02-01,33.659,10.06,,5.9
1979-03-01,33.852,10.09,,5.8
1979-04-01,34.165,10.01,,5.8
1979-05-01,34.462,10.24,,5.6
1979-06-01,34.655,10.29,,5.7
1979-07-01,34.829,10.47,,5.7
1979-08-01,35.06,10.94,,6.0
1979-09-01,35.299,11.43,,5.9
1979-10-01,35.557,13.77,,6.0
1979-11-01,35.784,13.18,,5.9
1979-12-01,36.041,13.78,,6.0
1980-01-01,36.315,13.82,,6.3
1980-02-01,36.677,14.13,,6.3
1980-03-01,37.017,17.19,,6.3
1980-04-01,37.207,17.61,,6.9
1980-05-01,37.507,10.98,,7.5
1980-06-01,37.756,9.47,,7.6
1980-07-01,38.021,9.03,,7.8
1980-08-01,38.296,9.61,,7.7
1980-09-01,38.657,10.87,,7.5
1980-10-01,38.975,12.81,,7.5
1980-11-01,39.282,15.85,,7.5
1980-12-01,39.518,18.9,,7.2
1981-01-01,39.861,19.08,,7.5
1981-02-01,40.152,15.93,,7.4
1981-03-01,40.375,14.7,,7.4
1981-04-01,40.633,15.72,,7.2
1981-05-01,40.913,18.52,,7.5
1981-06-01,41.117,19.1,,7.5
1981-07-01,41.365,19.04,,7.2
1981-08-01,41.642,17.82,,7.4
1981-09-01,41.915,15.87,,7.6
1981-10-01,42.165,15.08,,7.9
1981-11-01,42.411,13.31,,8.3
1981-12-01,42.568,12.37,,8.5
1982-01-01,42.829,13.22,6.3945071,8.6
1982-02-01,42.994,14.78,6.4321077,8.9
1982-03-01,43.182,14.68,6.3877317,9.0
1982-04-01,43.353,14.94,6.1406276,9.3
1982-05-01,43.589,14.45,5.4881669,9.4
1982-06-01,43.808,14.15,5.4452325,9.6
1982-07-01,44.092,12.59,6.3748846,9.8
1982-08-01,44.295,10.12,6.367801,9.8
1982-09-01,44.459,10.31,6.339422,10.1
1982-10-01,44.741,9.71,5.1327583,10.4
1982-11-01,44.906,9.2,4.6539145,10.8
1982-12-01,45.049,8.95,4.5710148,10.8
1983-01-01,45.357,8.68,4.8633048,10.4
1983-02-01,45.525,8.51,4.5956615,10.4
1983-03-01,45.583,8.77,4.0629447,10.3
1983-04-01,45.721,8.8,4.6289199,10.2
1983-05-01,45.787,8.63,4.6186334,10.1
1983-06-01,46.001,8.98,4.1399507,10.1
1983-07-01,46.311,9.37,4.9603809,9.4
1983-08-01,46.55,9.56,5.1924267,9.5
1983-09-01,46.738,9.45,5.1037494,9.2
1983-10-01,46.821,9.48,5.1155348,8.8
1983-11-01,46.93,9.34,5.2028781,8.5
1983-12-01,46.965,9.47,5.1980904,8.3
1984-01-01,47.121,9.56,5.2475146,8.0
1984-02-01,47.418,9.59,5.0622947,7.8
1984-03-01,47.598,9.91,4.8302654,7.8
1984-04-01,47.822,10.29,5.4205543,7.7
1984-05-01,47.933,10.32,5.4580169,7.4
1984-06-01,48.046,11.06,5.5883874,7.2
1984-07-01,48.253,11.23,5.692377,7.5
1984-08-01,48.412,11.64,5.224781,7.5
1984-09-01,48.486,11.3,5.1047828,7.3
1984-10-01,48.595,9.99,5.4138126,7.4
1984-11-01,48.698,9.43,4.9376646,7.2
1984-12-01,48.891,8.38,4.8509702,7.3
1985-01-01,49.165,8.35,4.8807597,7.3
1985-02-01,49.42,8.5,4.6573474,7.2
1985-03-01,49.593,8.58,4.9883735,7.2
1985-04-01,49.652,8.27,4.7725855,7.3
1985-05-01,49.823,7.97,4.7029389,7.2
1985-06-01,49.988,7.53,4.716909,7.4
1985-07-01,50.134,7.88,4.407939,7.4
1985-08-01,50.38,7.9,4.4287764,7.1
1985-09-01,50.484,7.92,4.4613628,7.1
1985-10-01,50.565,7.99,4.4118946,7.1
1985-11-01,50.689,8.05,4.2730751,7.0
1985-12-01,50.827,8.27,4.0037965,7.0
1986-01-01,51.101,8.14,3.9759159,6.7
1986-02-01,51.233,7.86,3.9713373,7.2
1986-03-01,51.389,7.48,3.4802235,7.2
1986-04-01,51.482,6.99,3.0175747,7.1
1986-05-01,51.57,6.85,2.8514107,7.2
1986-06-01,51.725,6.92,3.4637795,7.2
1986-07-01,51.819,6.56,3.5734378,7.0
1986-08-01,51.925,6.17,3.388122,6.9
1986-09-01,52.096,5.89,3.4035122,7.0
1986-10-01,52.273,5.85,3.4713896,7.0
1986-11-01,52.384,6.04,3.2203774,6.9
1986-12-01,52.452,6.91,3.6377004,6.6
1987-01-01,52.578,6.43,3.4766992,6.6
1987-02-01,52.685,6.1,3.5699365,6.6
1987-03-01,52.841,6.13,3.0945875,6.6
1987-04-01,53.065,6.37,3.6402938,6.3
1987-05-01,53.214,6.85,3.9085461,6.3
1987-06-01,53.36,6.73,3.9808006,6.2
1987-07-01,53.498,6.58,4.0066156,6.1
1987-08-01,53.679,6.73,4.126315,6.0
1987-09-01,53.892,7.22,4.2771388,5.9
1987-10-01,54.122,7.29,4.3834831,6.0
1987-11-01,54.235,6.69,3.9721739,5.8
1987-12-01,54.349,6.77,4.083687,5.7
1988-01-01,54.606,6.83,3.6629208,5.7
1988-02-01,54.718,6.58,3.7866556,5.7
1988-03-01,54.952,6.58,3.6808433,5.7
1988-04-01,55.219,6.87,3.9816855,5.4
1988-05-01,55.407,7.09,4.0994026,5.6
1988-06-01,55.641,7.51,3.9480755,5.4
1988-07-01,55.868,7.75,4.2701061,5.4
1988-08-01,56.007,8.01,4.362807,5.6
1988-09-01,56.307,8.19,4.414214,5.4
1988-10-01,56.521,8.3,4.3720582,5.4
1988-11-01,56.676,8.35,4.2504516,5.3
1988-12-01,56.864,8.76,4.4612583,5.3
1989-01-01,57.152,9.12,4.4802056,5.4
1989-02-01,57.297,9.36,4.4007674,5.2
1989-03-01,57.468,9.85,4.5305051,5.0
1989-04-01,57.661,9.84,4.7028561,5.2
1989-05-01,57.833,9.81,4.852568,5.2
1989-06-01,57.987,9.53,4.3841384,5.3
1989-07-01,58.136,9.24,4.3266076,5.2
1989-08-01,58.217,8.99,4.127378,5.2
1989-09-01,58.419,9.02,4.0212728,5.3
1989-10-01,58.631,8.84,4.2239744,5.3
1989-11-01,58.787,8.55,3.9988063,5.4
1989-12-01,58.954,8.45,3.6603593,5.4
1990-01-01,59.181,8.23,4.1516909,5.4
1990-02-01,59.468,8.24,4.4318376,5.3
1990-03-01,59.754,8.28,3.9925157,5.2
1990-04-01,59.932,8.26,4.1347922,5.4
1990-05-01,60.115,8.18,4.2465017,5.4
1990-06-01,60.349,8.29,4.1908762,5.2
1990-07-01,60.501,8.15,4.0715514,5.5
1990-08-01,60.753,8.13,4.1266926,5.7
1990-09-01,60.965,8.2,4.7322385,5.9
1990-10-01,61.172,8.11,5.0042957,5.9
1990-11-01,61.246,7.81,4.9594235,6.2
1990-12-01,61.331,7.31,4.8876822,6.3
1991-01-01,61.637,6.91,4.0730006,6.4
1991-02-01,61.807,6.25,3.7918137,6.6
1991-03-01,61.936,6.12,3.7886339,6.8
1991-04-01,62.06,5.91,3.7570386,6.7
1991-05-01,62.307,5.78,3.6422551,6.9
1991-06-01,62.442,5.9,3.5765848,6.9
1991-07-01,62.632,5.82,3.8492682,6.8
1991-08-01,62.804,5.66,3.7712021,6.9
1991-09-01,63.055,5.45,3.5858551,6.9
1991-10-01,63.194,5.21,3.5977558,7.0
1991-11-01,63.312,4.81,3.4862803,7.0
1991-12-01,63.468,4.43,3.5525591,7.3
1992-01-01,63.641,4.03,3.2724393,7.3
1992-02-01,63.814,4.06,3.3409544,7.4
1992-03-01,63.973,3.98,3.5870624,7.4
1992-04-01,64.183,3.73,3.3684803,7.4
1992-05-01,64.273,3.82,3.4097229,7.6
1992-06-01,64.323,3.76,3.5547337,7.8
1992-07-01,64.566,3.25,3.2800719,7.7
1992-08-01,64.625,3.3,3.113691,7.6
1992-09-01,64.73,3.22,3.0056291,7.6
1992-10-01,64.979,3.1,2.9535204,7.3
1992-11-01,65.121,3.09,3.0830561,7.4
1992-12-01,65.242,2.92,3.0122331,7.4
1993-01-01,65.432,3.02,3.0462732,7.3
1993-02-01,65.557,3.03,2.9146659,7.1
1993-03-01,65.7,3.07,2.9762001,7.0
1993-04-01,65.891,2.96,2.9080126,7.1
1993-05-01,66.114,3.0,2.8227684,7.1
1993-06-01,66.177,3.04,2.8107258,7.0
1993-07-01,66.314,3.06,2.8204755,6.9
1993-08-01,66.438,3.03,2.8309168,6.8
1993-09-01,66.538,3.09,2.6860327,6.7
1993-10-01,66.647,2.99,2.7698057,6.8
1993-11-01,66.819,3.02,2.8056918,6.6
1993-12-01,66.849,2.96,2.6618748,6.5
1994-01-01,66.902,3.05,2.8546535,6.6
1994-02-01,67.047,3.25,2.8042649,6.6
1994-03-01,67.275,3.34,3.2724485,6.5
1994-04-01,67.376,3.56,3.2195329,6.4
1994-05-01,67.526,4.01,3.2434833,6.1
1994-06-01,67.676,4.25,3.4229273,6.1
1994-07-01,67.818,4.26,3.2848815,6.1
1994-08-01,67.894,4.47,3.2882372,6.0
1994-09-01,67.997,4.73,3.251555,5.9
1994-10-01,68.157,4.76,3.4983836,5.8
1994-11-01,68.282,5.29,3.5738487,5.6
1994-12-01,68.305,5.45,3.9072213,5.5
1995-01-01,68.475,5.53,3.7001702,5.6
1995-02-01,68.587,5.92,3.5637152,5.4
1995-03-01,68.755,5.98,3.474127,5.4
1995-04-01,68.915,6.05,3.4644238,5.8
1995-05-01,69.032,6.01,3.4662409,5.6
1995-06-01,69.092,6.0,3.0571159,5.6
1995-07-01,69.201,5.85,3.2567759,5.7
1995-08-01,69.367,5.74,3.2675624,5.7
1995-09-01,69.458,5.8,3.2099157,5.6
1995-10-01,69.627,5.76,3.1309968,5.5
1995-11-01,69.672,5.8,2.9833163,5.6
1995-12-01,69.77,5.6,2.7518619,5.6
1996-01-01,69.849,5.56,3.0038319,5.6
1996-02-01,69.94,5.22,2.9196834,5.5
1996-03-01,70.102,5.31,2.6168022,5.5
1996-04-01,70.197,5.22,3.1333648,5.6
1996-05-01,70.319,5.24,3.2478188,5.6
1996-06-01,70.373,5.27,3.2261356,5.3
1996-07-01,70.505,5.4,3.144873,5.5
1996-08-01,70.566,5.22,3.1073244,5.1
1996-09-01,70.78,5.3,3.1347765,5.2
1996-10-01,70.948,5.24,3.1805381,5.2
1996-11-01,71.041,5.31,3.0987135,5.4
1996-12-01,71.068,5.29,2.9632444,5.4
1997-01-01,71.144,5.25,3.1574043,5.3
1997-02-01,71.29,5.19,3.1308768,5.2
1997-03-01,71.46,5.39,3.2344619,5.2
1997-04-01,71.6,5.51,3.2328116,5.1
1997-05-01,71.652,5.5,3.1341546,4.9
1997-06-01,71.758,5.56,3.201087,5.0
1997-07-01,71.807,5.52,3.0903227,4.9
1997-08-01,71.778,5.54,2.9692178,4.8
1997-09-01,71.927,5.54,3.0134879,4.9
1997-10-01,72.036,5.5,2.9881361,4.7
1997-11-01,72.058,5.52,2.9327548,4.6
1997-12-01,72.1,5.5,2.9354614,4.7
1998-01-01,72.21,5.56,2.7570107,4.6
1998-02-01,72.272,5.51,2.6177094,4.6
1998-03-01,72.349,5.49,2.8714847,4.7
1998-04-01,72.482,5.45,2.7267374,4.3
1998-05-01,72.552,5.49,2.644841,4.4
1998-06-01,72.461,5.56,2.4650222,4.5
1998-07-01,72.665,5.54,2.7361812,4.5
1998-08-01,72.807,5.55,2.7124419,4.5
1998-09-01,72.795,5.51,2.5336411,4.6
1998-10-01,72.937,5.07,2.3601762,4.5
1998-11-01,72.95,4.83,2.3458166,4.4
1998-12-01,73.076,4.68,2.2704824,4.4
1999-01-01,73.18,4.63,2.395567,4.3
1999-02-01,73.155,4.76,2.4182198,4.4
1999-03-01,73.177,4.81,2.7113296,4.2
1999-04-01,73.365,4.74,2.7007827,4.3
1999-05-01,73.435,4.74,2.7428736,4.2
1999-06-01,73.474,4.76,2.3467564,4.3
1999-07-01,73.606,4.99,2.8008632,4.3
1999-08-01,73.642,5.07,2.8129568,4.2
1999-09-01,73.837,5.22,2.6882069,4.2
1999-10-01,73.963,5.2,2.8762836,4.1
1999-11-01,74.034,5.42,2.9859271,4.1
1999-12-01,74.128,5.3,3.1640203,4.0
2000-01-01,74.306,5.45,3.080288,4.0
2000-02-01,74.415,5.73,3.1570678,4.1
2000-03-01,74.568,5.85,3.2388566,4.0
2000-04-01,74.617,6.02,3.1606735,3.8
2000-05-01,74.697,6.27,3.3126257,4.0
2000-06-01,74.754,6.53,3.7602013,4.0
2000-07-01,74.925,6.54,3.0862813,4.0
2000-08-01,75.021,6.5,3.1234906,4.1
2000-09-01,75.203,6.52,3.1741185,3.9
2000-10-01,75.308,6.51,3.1062109,3.9
2000-11-01,75.441,6.51,3.0989798,3.9
2000-12-01,75.515,6.4,3.1672986,3.9
2001-01-01,75.796,5.98,2.6536536,4.2
2001-02-01,75.93,5.49,2.632136,4.2
2001-03-01,76.009,5.31,2.1422446,4.3
2001-04-01,76.13,4.8,2.5592129,4.4
2001-05-01,76.148,4.21,2.7238774,4.3
2001-06-01,76.318,3.97,2.7511842,4.5
2001-07-01,76.515,3.77,2.6878453,4.6
2001-08-01,76.553,3.65,2.5859519,4.9
2001-09-01,76.118,3.07,3.1152263,5.0
2001-10-01,76.654,2.49,2.2912795,5.3
2001-11-01,76.81,2.09,2.0813513,5.5
2001-12-01,76.828,1.82,2.7313753,5.7
2002-01-01,76.871,1.73,2.2902539,5.7
2002-02-01,77.018,1.74,2.1457897,5.7
2002-03-01,77.11,1.73,2.013877,5.7
2002-04-01,77.325,1.75,2.5878316,5.9
2002-05-01,77.411,1.75,2.6186536,5.8
2002-06-01,77.534,1.75,2.3419254,5.8
2002-07-01,77.692,1.73,2.3480992,5.8
2002-08-01,77.845,1.74,2.1314545,5.7
2002-09-01,77.972,1.75,2.0411286,5.7
2002-10-01,78.038,1.75,2.0053377,5.7
2002-11-01,78.114,1.34,2.0305948,5.9
2002-12-01,78.187,1.24,1.9511579,6.0
2003-01-01,78.24,1.24,2.0790118,5.8
2003-02-01,78.348,1.26,2.1065381,5.9
2003-03-01,78.474,1.25,1.903343,5.9
2003-04-01,78.561,1.26,1.9895133,6.0
2003-05-01,78.674,1.26,1.8385312,6.1
2003-06-01,78.718,1.22,2.2847306,6.3
2003-07-01,78.915,1.01,1.6263355,6.2
2003-08-01,79.004,1.03,1.8526073,6.1
2003-09-01,79.114,1.01,1.9804944,6.1
2003-10-01,79.26,1.01,1.7885532,6.0
2003-11-01,79.368,1.0,1.9308072,5.8
2003-12-01,79.467,0.98,2.2234564,5.7
2004-01-01,79.671,1.0,1.9069713,5.7
2004-02-01,79.8,1.01,1.9871939,5.6
2004-03-01,79.934,1.0,1.7042839,5.8
2004-04-01,80.142,1.0,1.8527671,5.6
2004-05-01,80.252,1.0,2.2141024,5.6
2004-06-01,80.379,1.03,2.5740778,5.6
2004-07-01,80.474,1.26,2.2558469,5.5
2004-08-01,80.505,1.43,2.3408529,5.4
2004-09-01,80.656,1.61,2.6767708,5.4
2004-10-01,80.831,1.76,2.145831,5.5
2004-11-01,81.005,1.93,2.2068239,5.4
2004-12-01,81.109,2.16,1.7525286,5.4
2005-01-01,81.401,2.28,2.1405957,5.3
2005-02-01,81.536,2.5,2.1370072,5.4
2005-03-01,81.737,2.63,2.3342418,5.2
2005-04-01,81.831,2.79,2.4622893,5.2
2005-05-01,81.999,3.0,2.5780667,5.1
2005-06-01,82.056,3.04,2.3619011,5.0
2005-07-01,82.176,3.26,2.3318043,5.0
2005-08-01,82.243,3.5,2.4638191,4.9
2005-09-01,82.425,3.62,2.3538136,5.0
2005-10-01,82.662,3.78,2.8474638,5.0
2005-11-01,82.873,4.0,3.0510174,5.0
2005-12-01,82.959,4.16,3.2271725,4.9
2006-01-01,83.145,4.29,2.4027758,4.7
2006-02-01,83.279,4.49,2.5082827,4.8
2006-03-01,83.509,4.59,1.768612,4.7
2006-04-01,83.764,4.79,2.6830379,4.7
2006-05-01,83.974,4.94,2.8830197,4.6
2006-06-01,84.186,4.99,2.7447553,4.6
2006-07-01,84.268,5.24,2.8005219,4.7
2006-08-01,84.44,5.25,2.8670646,4.7
2006-09-01,84.573,5.25,2.6513028,4.5
2006-10-01,84.726,5.25,2.4007047,4.4
2006-11-01,84.766,5.25,1.8893923,4.5
2006-12-01,84.88,5.24,1.9891528,4.4
2007-01-01,85.224,5.25,2.6838116,4.6
2007-02-01,85.408,5.26,2.6396415,4.5
2007-03-01,85.494,5.26,2.7976602,4.4
2007-04-01,85.616,5.25,2.7184483,4.5
2007-05-01,85.717,5.25,2.9243064,4.4
2007-06-01,85.859,5.25,3.214615,4.6
2007-07-01,85.988,5.26,2.614408,4.7
2007-08-01,86.116,5.02,2.6534371,4.6
2007-09-01,86.351,4.94,2.5740481,4.7
2007-10-01,86.576,4.76,2.2920506,4.7
2007-11-01,86.746,4.49,2.6320037,4.7
2007-12-01,86.92,4.24,2.5437758,5.0
2008-01-01,87.093,3.94,2.466622,5.0
2008-02-01,87.178,2.98,2.2977869,4.9
2008-03-01,87.349,2.61,1.9336763,5.1
2008-04-01,87.4,2.28,2.0175043,5.0
2008-05-01,87.559,1.98,2.2868435,5.4
2008-06-01,87.76,2.0,2.7285115,5.6
2008-07-01,87.918,2.01,2.9490198,5.8
2008-08-01,88.026,2.0,3.0525448,6.1
2008-09-01,88.116,1.81,2.7309252,6.1
2008-10-01,87.991,0.97,1.6072395,6.5
2008-11-01,87.952,0.39,0.78457206,6.8
2008-12-01,87.909,0.16,0.28299557,7.3
2009-01-01,87.882,0.15,0.47357505,7.8
2009-02-01,87.952,0.22,0.38164688,8.3
2009-03-01,88.015,0.18,-0.48067803,8.7
2009-04-01,88.211,0.15,1.2289362,9.0
2009-05-01,88.279,0.18,1.2972457,9.4
2009-06-01,88.392,0.21,1.2745119,9.5
2009-07-01,88.468,0.16,1.5522347,9.5
2009-08-01,88.599,0.16,2.0245319,9.6
2009-09-01,88.755,0.15,2.3608109,9.8
2009-10-01,89.082,0.12,1.6283633,10.0
2009-11-01,89.16,0.12,1.8070337,9.9
2009-12-01,89.236,0.12,1.7866037,9.9
2010-01-01,89.368,0.11,1.6957593,9.8
2010-02-01,89.446,0.13,1.7316171,9.8
2010-03-01,89.579,0.16,1.9701388,9.9
2010-04-01,89.625,0.2,1.587202,9.9
2010-05-01,89.724,0.2,1.562963,9.6
2010-06-01,89.767,0.18,1.3532178,9.4
2010-07-01,89.769,0.18,0.96279857,9.4
2010-08-01,89.855,0.19,1.3411201,9.5
2010-09-01,89.906,0.19,0.90713698,9.5
2010-10-01,90.043,0.19,1.3652619,9.4
2010-11-01,90.16,0.19,1.3962369,9.8
2010-12-01,90.179,0.18,1.4938723,9.3
2011-01-01,90.372,0.17,1.7900451,9.1
2011-02-01,90.53,0.16,1.9547432,9.0
2011-03-01,90.667,0.14,2.1063793,9.0
2011-04-01,90.875,0.1,2.0757372,9.1
2011-05-01,91.091,0.09,2.292302,9.0
2011-06-01,91.191,0.09,2.1177045,9.1
2011-07-01,91.326,0.07,2.432348,9.0
2011-08-01,91.508,0.1,1.5113148,9.0
2011-09-01,91.57,0.08,1.008876,9.0
2011-10-01,91.614,0.07,1.4656093,8.8
2011-11-01,91.808,0.08,1.5052488,8.6
2011-12-01,91.96,0.07,1.7116627,8.5
2012-01-01,92.235,0.08,1.4714419,8.3
2012-02-01,92.364,0.1,1.5014226,8.3
2012-03-01,92.521,0.13,1.3620536,8.2
2012-04-01,92.661,0.14,1.6869361,8.2
2012-05-01,92.755,0.16,1.5903147,8.2
2012-06-01,92.85,0.16,0.78930567,8.2
2012-07-01,92.946,0.16,1.2966497,8.2
2012-08-01,93.005,0.13,1.3700924,8.1
2012-09-01,93.119,0.14,1.9315046,7.8
2012-10-01,93.345,0.16,1.6131067,7.8
2012-11-01,93.445,0.16,1.6632266,7.7
2012-12-01,93.514,0.16,2.1029068,7.9
2013-01-01,93.703,0.14,1.3155854,8.0
2013-02-01,93.805,0.15,1.3608065,7.7
2013-03-01,93.891,0.14,1.0049408,7.5
2013-04-01,93.937,0.15,1.4563149,7.6
2013-05-01,94.047,0.11,1.1780254,7.5
2013-06-01,94.209,0.09,1.3532103,7.5
2013-07-01,94.329,0.09,1.0030329,7.3
2013-08-01,94.431,0.08,1.797427,7.2
2013-09-01,94.543,0.08,2.202423,7.2
2013-10-01,94.703,0.09,1.5555239,7.2
2013-11-01,94.86,0.08,1.4505754,6.9
2013-12-01,94.961,0.09,1.9240314,6.7
2014-01-01,95.064,0.07,1.6382453,6.6
2014-02-01,95.109,0.07,1.5858281,6.7
2014-03-01,95.25,0.08,1.2194617,6.7
2014-04-01,95.413,0.09,1.653011,6.2
2014-05-01,95.574,0.09,1.76839,6.3
2014-06-01,95.682,0.1,1.5265458,6.1
2014-07-01,95.848,0.09,1.8594911,6.2
2014-08-01,95.885,0.09,1.8065541,6.1
2014-09-01,96.013,0.09,2.1150395,5.9
2014-10-01,96.096,0.09,1.6022445,5.7
2014-11-01,96.181,0.09,1.321155,5.8
2014-12-01,96.249,0.12,2.1860996,5.6
2015-01-01,96.214,0.11,0.91604112,5.7
2015-02-01,96.324,0.11,0.38334206,5.5
2015-03-01,96.47,0.11,0.79843856,5.4
2015-04-01,96.648,0.12,1.5899931,5.4
2015-05-01,96.766,0.12,1.7028274,5.6
2015-06-01,96.882,0.13,1.7750546,5.3
2015-07-01,96.978,0.13,1.8011251,5.2
2015-08-01,97.056,0.14,1.7247986,5.1
2015-09-01,97.196,0.14,1.92835583,5.0
2015-10-01,97.228,0.12,1.3119821,5.0
2015-11-01,97.332,0.12,1.3066673,5.1
2015-12-01,97.396,0.24,1.46795515,5.0
2016-01-01,97.567,0.34,1.47498776,4.8
2016-02-01,97.736,0.38,1.11589387,4.9
2016-03-01,97.876,0.36,0.78224551,5.0
2016-04-01,98.117,0.37,1.68966418,5.1
2016-05-01,98.284,0.37,1.66012215,4.8
2016-06-01,98.386,0.38,1.28116185,4.9
2016-07-01,98.529,0.39,1.64813436,4.8
2016-08-01,98.703,0.4,1.5900866,4.9
2016-09-01,98.834,0.4,2.06443724,5.0
2016-10-01,98.961,0.4,1.74399736,4.9
2016-11-01,99.005,0.41,1.90220184,4.7
2016-12-01,99.12,0.54,2.2917332,4.7
2017-01-01,99.385,0.65,2.1027318,4.7
2017-02-01,99.561,0.66,1.94277371,4.6
2017-03-01,99.519,0.79,1.50314821,4.4
2017-04-01,99.723,0.9,1.71866969,4.4
2017-05-01,99.803,0.91,1.56480634,4.4
2017-06-01,99.937,1.04,0.95868776,4.3
2017-07-01,100.01,1.15,1.71215951,4.3
2017-08-01,100.118,1.16,1.65217832,4.4
2017-09-01,100.24,1.15,2.05780237,4.3
2017-10-01,100.486,1.15,1.95269933,4.2
2017-11-01,100.535,1.16,2.06917502,4.2
2017-12-01,100.683,1.3,2.82407476,4.1
2018-01-01,101.007,1.41,1.9048938,4.0
2018-02-01,101.198,1.42,2.13804094,4.1
2018-03-01,101.419,1.51,1.68874433,4.0
2018-04-01,101.602,1.69,1.84679022,4.0
2018-05-01,101.78,1.7,1.96778394,3.8
2018-06-01,101.872,1.82,1.59099529,4.0
2018-07-01,102.006,1.91,2.12308939,3.8
2018-08-01,102.016,1.91,2.12845808,3.8
2018-09-01,102.205,1.95,2.41001454,3.7
2018-10-01,102.366,2.19,2.21216657,3.8
2018-11-01,102.556,2.2,2.16701625,3.8
2018-12-01,102.735,2.27,1.98107002,3.9
2019-01-01,102.87,2.4,1.8039584,4.0
2019-02-01,102.963,2.4,1.78943106,3.8
2019-03-01,103.058,2.41,1.37532429,3.8
2019-04-01,103.265,2.42,2.0373803,3.7
2019-05-01,103.371,2.39,2.18513987,3.6
2019-06-01,103.56,2.38,1.60914045,3.6
2019-07-01,103.678,2.4,1.74765616,3.7
2019-08-01,103.797,2.13,1.71433646,3.6
2019-09-01,103.873,2.04,1.64492794,3.5
2019-10-01,104.028,1.83,1.72460183,3.6
2019-11-01,104.092,1.55,1.69729979,3.6
2019-12-01,104.322,1.55,1.70378442,3.6
2020-01-01,104.507,1.55,1.79710932,3.6
2020-02-01,104.711,1.58,1.64596366,3.5
2020-03-01,104.632,0.65,0.98707392,4.4
2020-04-01,104.293,0.05,-0.05035367,14.8
2020-05-01,104.402,0.05,-0.21879037,13.2
2020-06-01,104.565,0.08,0.51275711,11.0
2020-07-01,104.937,0.09,1.57200144,10.2
2020-08-01,105.243,0.1,1.67677177,8.4
2020-09-01,105.41,0.09,1.5827644,7.8
2020-10-01,105.507,0.09,1.39703767,6.9
2020-11-01,105.605,0.09,1.42002946,6.7
2020-12-01,105.896,0.09,1.64952129,6.7
2021-01-01,106.281,0.09,1.4460926,6.4
2021-02-01,106.501,0.08,1.67548668,6.2
2021-03-01,106.933,0.07,1.51383809,6.1
2021-04-01,107.558,0.07,1.75471736,6.1
2021-05-01,108.099,0.06,1.86820734,5.8
2021-06-01,108.603,0.08,2.05518859,5.9
2021-07-01,109.058,0.1,2.07311612,5.4
2021-08-01,109.409,0.09,2.46241259,5.1
2021-09-01,109.641,0.08,2.68413713,4.7
2021-10-01,110.188,0.08,1.85436755,4.5
2021-11-01,110.77,0.08,2.4798405,4.1
2021-12-01,111.418,0.08,2.62030861,3.9
2022-01-01,111.976,0.08,2.24175848,4.0
2022-02-01,112.468,0.08,2.62741883,3.9
2022-03-01,112.914,0.2,3.05769883,3.7
2022-04-01,113.307,0.33,3.39290341,3.7
2022-05-01,113.703,0.77,3.63465785,3.6
2022-06-01,114.376,1.21,4.22671337,3.6
2022-07-01,114.628,1.68,3.3092777,3.5
2022-08-01,115.276,2.33,3.37713165,3.6
2022-09-01,115.788,2.56,4.17914969,3.5
2022-10-01,116.204,3.08,2.88195932,3.6
2022-11-01,116.539,3.78,3.23904839,3.6
2022-12-01,116.952,4.1,2.86811918,3.5
2023-01-01,117.505,4.33,2.6790161,3.5
2023-02-01,117.929,4.57,2.61308946,3.6
2023-03-01,118.315,4.65,2.07325087,3.5
2023-04-01,118.734,4.83,2.65083257,3.4
2023-05-01,119.083,5.06,2.65363857,3.6
2023-06-01,119.39,5.08,1.36626254,3.6
2023-07-01,119.556,5.12,2.47431653,3.5
2023-08-01,119.689,5.33,2.60696893,3.7
2023-09-01,120.058,5.33,2.81243484,3.7
2023-10-01,120.241,5.33,2.76957367,3.9
2023-11-01,120.374,5.33,2.7911957,3.7
2023-12-01,120.592,5.33,3.09166499,3.8
2024-01-01,121.217,5.33,2.41863256,3.7
2024-02-01,121.537,5.33,2.42832804,3.9
2024-03-01,122.009,5.33,2.08221333,3.9
2024-04-01,122.304,5.33,2.70436687,3.9
2024-05-01,122.383,5.33,2.93566763,3.9
2024-06-01,122.677,5.33,2.7258402,4.1
2024-07-01,122.911,5.33,2.55564431,4.2
2024-08-01,123.128,5.33,2.3470594,4.2
2024-09-01,123.466,5.13,2.23612091,4.1
2024-10-01,123.832,4.83,2.25612841,4.1
2024-11-01,123.962,4.64,2.4316758,4.2
2024-12-01,124.196,4.48,2.65035634,4.1
2025-01-01,124.587,4.33,2.62695841,4.0
2025-02-01,125.145,4.33,2.72766223,4.2
2025-03-01,125.267,4.33,2.18385272,4.2
2025-04-01,125.502,4.33,2.88718559,4.2
2025-05-01,125.79,4.33,2.69133727,4.3
2025-06-01,126.121,4.33,2.38054202,4.1
2025-07-01,126.43,4.33,2.78904728,4.3
2025-08-01,126.714,4.33,2.68936045,4.3
2025-09-01,126.954,4.22,2.80359931,4.4
2025-10-01,127.245,4.09,2.72759763,
2025-11-01,127.473,3.88,2.70387514,4.5
2025-12-01,127.929,3.72,3.19286884,4.4
2026-01-01,128.394,3.64,2.58639537,4.3
2026-02-01,,3.64,2.58569815,4.4
2026-03-01,,,2.28910782,
