date,gdpc1,gdppot,nrou
1947-01-01,2182.681,,
1947-04-01,2176.892,,
1947-07-01,2172.432,,
1947-10-01,2206.452,,
1948-01-01,2239.682,,
1948-04-01,2276.69,,
1948-07-01,2289.77,,
1948-10-01,2292.364,,
1949-01-01,2260.807,2244.6967470923687,5.25505256652832
1949-04-01,2253.128,2275.9923955934587,5.2615156173706055
1949-07-01,2276.424,2308.797507930488,5.268013
1949-10-01,2257.352,2340.253351151812,5.274564
1950-01-01,2346.104,2373.175207794116,5.281182
1950-04-01,2417.682,2405.7600930332496,5.287866
1950-07-01,2511.127,2437.7059490821334,5.294604
1950-10-01,2559.214,2470.0043694476535,5.301367
1951-01-01,2593.967,2502.1619101071274,5.308113
1951-04-01,2638.898,2534.281180095102,5.314789
1951-07-01,2693.259,2568.2305469439966,5.321333408355713
1951-10-01,2699.156,2604.063412218286,5.3276824951171875
1952-01-01,2727.954,2640.576257469108,5.333774
1952-04-01,2733.8,2678.7057258043287,5.339555
1952-07-01,2753.517,2714.4074763092335,5.344985485076904
1952-10-01,2843.941,2748.074991644584,5.350040435791016
1953-01-01,2896.811,2778.3820729278627,5.354713
1953-04-01,2919.206,2806.4405365380626,5.359011650085449
1953-07-01,2902.785,2831.6031995510134,5.362958
1953-10-01,2858.845,2854.1516339416175,5.36658239364624
1954-01-01,2845.192,2875.4476831321385,5.369922
1954-04-01,2848.305,2894.694024727424,5.373014450073241
1954-07-01,2880.482,2912.937382855502,5.375902
1954-10-01,2936.852,2931.776023729266,5.378624
1955-01-01,3020.746,2950.192608390797,5.38122
1955-04-01,3069.91,2969.955578594302,5.383725
1955-07-01,3111.379,2989.2571764678064,5.386171
1955-10-01,3130.068,3009.207106913815,5.388586
1956-01-01,3117.922,3029.3418597224227,5.39099645614624
1956-04-01,3143.694,3049.2003653161923,5.39343
1956-07-01,3140.874,3070.0191988467177,5.395917
1956-10-01,3192.57,3091.9755514671347,5.398493
1957-01-01,3213.011,3115.645863044004,5.401198387145996
1957-04-01,3205.97,3141.0025231358914,5.404080390930176
1957-07-01,3237.386,3167.611044609475,5.407184600830078
1957-10-01,3203.894,3195.403674038452,5.410558
1958-01-01,3120.724,3223.285962767317,5.41424036026001
1958-04-01,3141.224,3252.0842371927342,5.418266
1958-07-01,3213.884,3281.3345029196485,5.422658443450928
1958-10-01,3289.032,3312.2337676916545,5.427429
1959-01-01,3352.129,3343.7495355213023,5.432576656341553
1959-04-01,3427.667,3376.581824353419,5.438085556030273
1959-07-01,3430.057,3411.268456920645,5.443927
1959-10-01,3439.832,3446.421530513806,5.450064
1960-01-01,3517.181,3482.533367449192,5.456452369689941
1960-04-01,3498.246,3518.1103071631687,5.463051
1960-07-01,3515.385,3553.620242787998,5.469829559326172
1960-10-01,3470.278,3588.4017983686967,5.47677
1961-01-01,3493.703,3623.226237928527,5.483875
1961-04-01,3553.021,3656.71758635011,5.491165
1961-07-01,3621.252,3691.178554448068,5.498675346374512
1961-10-01,3692.289,3725.696720885487,5.506455421447754
1962-01-01,3758.147,3761.4271931147614,5.514559
1962-04-01,3792.149,3798.7576717348793,5.523042
1962-07-01,3838.776,3837.88919933192,5.5319504737854
1962-10-01,3851.421,3878.403538720957,5.541324
1963-01-01,3893.482,3919.734297545736,5.551188
1963-04-01,3937.183,3961.875661976665,5.561552
1963-07-01,4023.755,4004.6173115885376,5.572411
1963-10-01,4050.147,4048.0588293243577,5.583747386932373
1964-01-01,4135.553,4091.4798025217415,5.595527648925781
1964-04-01,4180.592,4135.8667589502065,5.607706
1964-07-01,4245.918,4180.802022452539,5.620222568511963
1964-10-01,4259.046,4225.922039152623,5.633007
1965-01-01,4362.111,4272.250107271203,5.645977
1965-04-01,4417.225,4317.646712290366,5.659044
1965-07-01,4515.427,4364.56020480614,5.672116
1965-10-01,4619.458,4411.716106638424,5.685105
1966-01-01,4731.888,4459.595106458209,5.69793
1966-04-01,4748.046,4508.122290468056,5.710529
1966-07-01,4788.254,4557.663922700653,5.722861
1966-10-01,4827.537,4607.37472803029,5.734915
1967-01-01,4870.299,4658.411746113664,5.746704
1967-04-01,4873.287,4710.251841362436,5.75827
1967-07-01,4919.392,4762.7520232570605,5.769672
1967-10-01,4956.477,4816.313692140314,5.780984
1968-01-01,5057.553,4870.102307212857,5.792286
1968-04-01,5142.033,4923.72150005846,5.803658485412598
1968-07-01,5181.859,4978.410896415177,5.815175533294678
1968-10-01,5202.212,5033.703280531088,5.826905
1969-01-01,5283.597,5087.76751166427,5.838901
1969-04-01,5299.625,5140.28578422004,5.85120964050293
1969-07-01,5334.6,5190.883400210747,5.863864
1969-10-01,5308.556,5240.14097132856,5.876888
1970-01-01,5300.652,5288.142063746249,5.890298366546631
1970-04-01,5308.164,5334.474066371374,5.9041
1970-07-01,5357.077,5379.486205812729,5.918292
1970-10-01,5299.672,5423.257544275761,5.932861
1971-01-01,5443.619,5466.706098336824,5.947782
1971-04-01,5473.059,5510.42722794308,5.963016
1971-07-01,5518.072,5554.354887602158,5.978505611419678
1971-10-01,5531.032,5598.610008464077,5.994177
1972-01-01,5632.649,5643.401006963654,6.00994
1972-04-01,5760.47,5688.794205471516,6.02569055557251
1972-07-01,5814.854,5735.01252721653,6.041317
1972-10-01,5912.22,5782.348420969389,6.056706
1973-01-01,6058.544,5830.6639389494085,6.0717453956604
1973-04-01,6124.506,5880.964999959673,6.086335
1973-07-01,6092.301,5931.893431456161,6.100386619567871
1973-10-01,6150.131,5983.963113314532,6.11383056640625
1974-01-01,6097.258,6036.840251387802,6.126616477966309
1974-04-01,6111.751,6090.335456182356,6.138715
1974-07-01,6053.978,6143.2062197787955,6.1501145362854
1974-10-01,6030.464,6195.475445431862,6.1608195304870605
1975-01-01,5957.035,6246.482861537268,6.170844
1975-04-01,5999.61,6296.513228943918,6.180209
1975-07-01,6102.326,6346.032060224159,6.188934
1975-10-01,6184.53,6395.3936260234,6.197032451629639
1976-01-01,6323.649,6444.359681612424,6.204509
1976-04-01,6370.025,6493.923529668127,6.211358
1976-07-01,6404.895,6544.87347714477,6.217563
1976-10-01,6451.177,6596.49865666572,6.223099
1977-01-01,6527.703,6649.907668623456,6.227931
1977-04-01,6654.466,6704.5911506223665,6.232016563415527
1977-07-01,6774.457,6760.097061899438,6.235309
1977-10-01,6774.592,6817.110564476192,6.237757
1978-01-01,6796.26,6875.56387545695,6.239311
1978-04-01,7058.92,6935.187458572837,6.239927
1978-07-01,7129.915,6996.456191626586,6.239574432373047
1978-10-01,7225.75,7058.973644917547,6.238234519958496
1979-01-01,7238.727,7123.3135223529,6.235909461975098
1979-04-01,7246.454,7185.317079852492,6.232617
1979-07-01,7300.281,7243.781017529022,6.2283935546875
1979-10-01,7318.535,7298.013253331672,6.22329
1980-01-01,7341.557,7346.736445194209,6.22320640721058
1980-04-01,7190.289,7389.862876051715,6.214445920687717
1980-07-01,7181.743,7426.754999764931,6.20568214830647
1980-10-01,7315.677,7465.298162717056,6.196909429829753
1981-01-01,7459.022,7508.084206685456,6.188120345103287
1981-04-01,7403.745,7554.009065783638,6.17930610228008
1981-07-01,7492.405,7602.714114407346,6.170456780353049
1981-10-01,7410.768,7654.364351740863,6.161561483332004
1982-01-01,7295.631,7708.282365291767,6.152608442404458
1982-04-01,7328.912,7763.629992676451,6.143585085278605
1982-07-01,7300.896,7820.189965259816,6.13447808484682
1982-10-01,7303.817,7878.160361445345,6.125273394360952
1983-01-01,7400.066,7935.937607522994,6.115956273183003
1983-04-01,7568.456,7994.859898020182,6.10651130516273
1983-07-01,7719.746,8055.370064425959,6.096922410327377
1983-10-01,7880.794,8118.4215710115395,6.087172849586956
1984-01-01,8034.847,8184.120399041658,6.077245221451282
1984-04-01,8173.67,8252.361160817512,6.067121449278656
1984-07-01,8252.465,8322.352341108082,6.05678275733291
1984-10-01,8320.199,8393.840778029926,6.04620963394339
1985-01-01,8400.82,8466.09433779299,6.035381780382186
1985-04-01,8474.787,8538.856407644294,6.024278237998455
1985-07-01,8604.22,8611.892420843267,6.012878079880752
1985-10-01,8668.188,8684.996064979776,6.00116223674976
1986-01-01,8749.127,8757.928247157974,5.989116414842148
1986-04-01,8788.524,8830.616845345656,5.976734424943743
1986-07-01,8872.601,8903.37814226691,5.96401752308534
1986-10-01,8920.193,8976.124748908698,5.9509733113858925
1987-01-01,8986.367,9048.669254874285,5.93761432694183
1987-04-01,9083.256,9120.473464934588,5.9239565541955255
1987-07-01,9162.024,9191.50594011684,5.910018036177342
1987-10-01,9319.332,9262.55407738218,5.895817685945078
1988-01-01,9367.502,9332.89816233194,5.881374336705857
1988-04-01,9490.594,9402.936119398,5.866706042791119
1988-07-01,9546.206,9472.37290461828,5.8518296238788325
1988-10-01,9673.405,9541.739852701116,5.836760431905278
1989-01-01,9771.725,9610.898343572995,5.821512311844543
1989-04-01,9846.293,9679.752477782387,5.806097722352712
1989-07-01,9919.228,9748.474214363136,5.790527979192876
1989-10-01,9938.767,9817.083496427222,5.774813582840189
1990-01-01,10047.386,9885.457213629248,5.758964591342092
1990-04-01,10083.855,9953.52039531658,5.742991000135081
1990-07-01,10090.569,10020.58247629744,5.726903091933299
1990-10-01,9998.704,10086.676972233356,5.710711721892166
1991-01-01,9951.916,10152.177204066918,5.694428505931164
1991-04-01,10029.51,10216.905817665383,5.678065883314299
1991-07-01,10080.195,10281.57022722389,5.661637028291996
1991-10-01,10115.329,10347.376832231384,5.645155589773301
1992-01-01,10236.435,10414.244254417565,5.628635242602321
1992-04-01,10347.429,10482.223100445655,5.612089039046045
1992-07-01,10449.673,10551.784861690372,5.595528554558459
1992-10-01,10558.648,10622.618090341755,5.578962827771389
1993-01-01,10576.275,10695.542384138176,5.55200824023352
1993-04-01,10637.847,10769.570878061651,5.5325457029884095
1993-07-01,10688.606,10844.632547478088,5.5128995105853695
1993-10-01,10833.987,10921.031467364262,5.49312813937566
1994-01-01,10939.116,10998.74859058424,5.47329460823613
1994-04-01,11087.361,11076.949095369497,5.45346531882121
1994-07-01,11152.176,11156.409419615584,5.433708845509489
1994-10-01,11279.932,11237.096679902585,5.41409470278955
1995-01-01,11319.951,11318.730971934145,5.39469211786714
1995-04-01,11353.721,11401.545122180349,5.37556883567923
1995-07-01,11450.31,11485.08306305804,5.3567899822909295
1995-10-01,11528.067,11570.743237913231,5.338417010860329
1996-01-01,11614.418,11658.23583382563,5.320506752031689
1996-04-01,11808.14,11750.806721393768,5.3031105878163
1996-07-01,11914.063,11849.53413723492,5.28627376481136
1996-10-01,12037.775,11954.099435992814,5.270034859068169
1997-01-01,12115.472,12064.075854277851,5.25442540113615
1997-04-01,12317.221,12178.421723773972,5.23946966586832
1997-07-01,12471.01,12297.625499441529,5.22518462756924
1997-10-01,12577.495,12420.639898841882,5.21158007709276
1998-01-01,12703.742,12547.22445560292,5.19865889364543
1998-04-01,12821.339,12677.452576465224,5.1864174604119695
1998-07-01,12982.752,12809.972981996802,5.17484620977586
1998-10-01,13191.67,12945.270977878106,5.16393028093661
1999-01-01,13315.597,13083.46512991397,5.1536502701945
1999-04-01,13426.748,13222.90842921196,5.1439830521394
1999-07-01,13604.771,13363.358248838398,5.13490264848964
1999-10-01,13827.98,13505.49631232712,5.12638112041102
2000-01-01,13878.147,13648.58537128962,5.118389459825649
2000-04-01,14130.908,13788.681311811208,5.11089845549919
2000-07-01,14145.312,13923.902474247976,5.10387951056623
2000-10-01,14229.765,14053.43426698748,5.0973053895934894
2001-01-01,14183.12,14177.014871405334,5.09115087525391
2001-04-01,14271.694,14293.255366424008,5.0853933171443
2001-07-01,14214.516,14401.428785467464,5.08001305816486
2001-10-01,14253.574,14502.3757251484,5.0749937271223695
2002-01-01,14372.785,14596.981913208332,5.07032238974232
2002-04-01,14460.848,14687.090370319847,5.0659895539952
2002-07-01,14519.633,14774.58935298112,5.06198902947023
2002-10-01,14537.58,14860.705908247191,5.05831764437482
2003-01-01,14614.141,14947.163122044543,5.0549748275089
2003-04-01,14743.567,15035.055434315627,5.05196206617004
2003-07-01,14988.782,15124.158937215894,5.04928225430245
2003-10-01,15162.76,15215.896309544176,5.0469389482292
2004-01-01,15248.68,15310.64980463486,5.044935549930529
2004-04-01,15366.85,15407.299881195731,5.04327443998783
2004-07-01,15512.619,15506.39166779942,5.04195608394937
2004-10-01,15670.88,15607.359583040596,5.04097813694991
2005-01-01,15844.727,15707.318610353295,5.04033457190233
2005-04-01,15922.782,15805.16528365269,5.04001485646218
2005-07-01,16047.587,15902.191878355608,5.04000320324226
2005-10-01,16136.734,15997.875321123143,5.040277916439569
2006-01-01,16353.835,16091.603317517098,5.04081085615472
2006-04-01,16396.151,16183.163929732862,5.04156703927619
2006-07-01,16420.738,16270.761436348215,5.04250439291843
2006-10-01,16561.866,16354.469242438125,5.04357367310739
2007-01-01,16611.69,16438.582056258954,5.04471855777112
2007-04-01,16713.314,16523.062155053634,5.04587591919752
2007-07-01,16809.587,16608.026026757703,5.04697627705214
2007-10-01,16915.191,16691.712099349483,5.04794442889684
2008-01-01,16843.003,16774.77721545801,5.04870025100836
2008-04-01,16943.291,16854.431509824055,5.0491596582576
2008-07-01,16854.295,16929.753043277327,5.04923570796679
2008-10-01,16485.35,16999.9085535114,5.048839829099929
2009-01-01,16298.262,17063.79364520768,5.04788315494425
2009-04-01,16269.145,17122.682771242056,5.046277934679369
2009-07-01,16326.281,17177.41046139042,5.04393899697215
2009-10-01,16502.754,17230.326569658257,5.04078523703139
2010-01-01,16582.71,17284.089459018523,5.03674109744988
2010-04-01,16743.162,17339.540497443468,5.03173801268021
2010-07-01,16872.266,17398.249750812174,5.02571578715021
2010-10-01,16960.864,17459.66794812841,5.01862387782517
2011-01-01,16920.632,17523.89847705864,5.01042255345427
2011-04-01,17035.114,17590.062292255396,5.0010839047711295
2011-07-01,17031.313,17658.131908785388,4.99059268251338
2011-10-01,17222.583,17728.78704705593,4.978946943232169
2012-01-01,17367.01,17802.124606222213,4.96615848641526
2012-04-01,17444.525,17877.513501192763,4.95225307037503
2012-07-01,17469.65,17954.159751564275,4.93727039857332
2012-10-01,17489.852,18032.271410975576,4.9212638724813695
2013-01-01,17662.4,18112.7611931849,4.90430011161269
2013-04-01,17709.671,18194.45250151435,4.8864582459249695
2013-07-01,17860.45,18277.07369505764,4.8678289902689
2013-10-01,18016.147,18361.59769901994,4.848513514873249
2014-01-01,17953.974,18448.099375489783,4.828622129906529
2014-04-01,18185.911,18535.90341771736,4.80827280586174
2014-07-01,18406.941,18626.02876593418,4.78758955479478
2014-10-01,18500.031,18717.995872623233,4.76670070024014
2015-01-01,18666.621,18811.82035076692,4.74573706587286
2015-04-01,18782.243,18906.9696114969,4.72483011463568
2015-07-01,18857.418,19003.03419833049,4.704110071072569
2015-10-01,18892.206,19100.137722133142,4.6837040599828095
2016-01-01,19001.69,19198.252665637407,4.66373429422766
2016-04-01,19062.709,19296.5000603964,4.64431634359108
2016-07-01,19197.938,19394.1890093846,4.62555751503731
2016-10-01,19304.352,19491.389084717703,4.60755537255564
2017-01-01,19398.343,19588.63066489704,4.59039642208179
2017-04-01,19506.949,19685.87294333235,4.57415498379363
2017-07-01,19660.766,19783.817242750043,4.55889227046308
2017-10-01,19882.352,19882.732970228422,4.54465568658274
2018-01-01,20044.077,19983.308058389975,4.53147835875611
2018-04-01,20150.476,20085.821330941748,4.51937890343318
2018-07-01,20276.154,20189.23681263725,4.50836143357856
2018-10-01,20304.874,20294.35408829067,4.49841580136913
2019-01-01,20431.641,20401.78250699429,4.4895180696244
2019-04-01,20602.275,20509.70778828462,4.48163120046239
2019-07-01,20843.322,20617.67497935195,4.47470594573225
2019-10-01,20985.448,20722.820278145697,4.46868192017881
2020-01-01,20709.212,20825.889773887968,4.46348883511343
2020-04-01,19077.992,20925.85598035592,4.45904786766102
2020-07-01,20558.879,21020.539012470566,4.45527313847375
2020-10-01,20791.917,21116.617057074087,4.4520732691872
2021-01-01,21082.134,21216.864736890268,4.452852989869879
2021-04-01,21440.929,21322.28909851852,4.44978976629628
2021-07-01,21617.828,21435.3063204534,4.447010417057349
2021-10-01,21988.737,21554.021083750165,4.44441769129896
2022-01-01,21932.71,21678.7235669542,4.441916779223741
2022-04-01,21967.045,21808.97535370521,4.4404667293697795
2022-07-01,22125.625,21944.708620985697,4.4389317490436095
2022-10-01,22278.345,22084.80256835857,4.43723236707892
2023-01-01,22439.607,22229.48219394711,4.43529644125222
2023-04-01,22580.499,22377.8679500468,4.43350999614073
2023-07-01,22840.989,22527.57093135215,4.4313678808796295
2023-10-01,23033.78,22678.156520144265,4.42882424008579
2024-01-01,23082.119,22828.94541097934,4.42567965718569
2024-04-01,23286.508,22979.033391074587,4.42215707526542
2024-07-01,23478.57,23126.8961060226,4.418184956226237
2024-10-01,23586.542,23271.54168652911,4.413737266101202
2025-01-01,23548.21,23414.6564204,4.40904868088454
2025-04-01,23770.976,23548.5176618,4.40690622022857
2025-07-01,24026.834,23680.1524766,4.40419970826884
2025-10-01,24065.956,23811.2238968,4.40184121264107
2026-01-01,,23945.1378387,4.399090564203689
2026-04-01,,24070.9386484,4.39593247642493
2026-07-01,,24200.4446936,4.39237196512007
2026-10-01,,24330.3745288,4.38842541458118
2027-01-01,,24460.7088379,4.38411542659685
2027-04-01,,24590.8109409,4.37946917187614
2027-07-01,,24720.7004814,4.37449561042923
2027-10-01,,24850.1525561,4.36920013450107
2028-01-01,,24979.4598254,4.36360199819928
2028-04-01,,25109.0520493,4.3577544546865
2028-07-01,,25238.6873312,4.35167462742477
2028-10-01,,25367.6250348,4.345370175274289
2029-01-01,,25495.4826244,4.33886766408123
2029-04-01,,25622.3677936,4.3322425547427
2029-07-01,,25750.3919924,4.32551507257566
2029-10-01,,25880.7178538,4.31868788792528
2030-01-01,,26011.5668581,4.31178425098474
2030-04-01,,26141.448482,4.30488654589538
2030-07-01,,26271.3371739,4.2982624005787
2030-10-01,,26400.8524041,4.29184592443572
2031-01-01,,26530.5190826,4.285665306740009
2031-04-01,,26659.7208862,4.27972946305059
2031-07-01,,26787.6352069,4.274041360943049
2031-10-01,,26915.0944615,4.26854561767537
2032-01-01,,27042.1667846,4.26319846895158
2032-04-01,,27168.7045099,4.25801026226064
2032-07-01,,27294.9139092,4.25293161471931
2032-10-01,,27421.0567599,4.24789489624584
2033-01-01,,27547.161237,4.24285418614103
2033-04-01,,27673.1486315,4.23782441789617
2033-07-01,,27799.1152368,4.232770586446049
2033-10-01,,27925.0206365,4.22764586287327
2034-01-01,,28051.0065478,4.22242958769924
2034-04-01,,28176.9188612,4.21716562825119
2034-07-01,,28302.8151731,4.21185001241668
2034-10-01,,28428.5407155,4.20646775559397
2035-01-01,,28554.3120604,4.20102988730463
2035-04-01,,28680.2773747,4.19561084087726
2035-07-01,,28806.6301924,4.1902265934124
2035-10-01,,28933.3399909,4.18486826158714
2036-01-01,,29060.4799126,4.1795350832857
2036-04-01,,29187.8952707,4.17426689512611
2036-07-01,,29315.4330726,4.16905982489528
2036-10-01,,29443.0227307,4.16389489162988
